{
    "counter": {
        "ACTIVE": 366,
        "INACTIVE": 3,
        "INVALID": 0,
        "MALICIOUS": 0,
        "SANE": 0,
        "VALID": 0,
        "total": 369
    },
    "percentage": {
        "ACTIVE": 99.1869918699187,
        "INACTIVE": 1.0638297872340425,
        "INVALID": 0,
        "MALICIOUS": 0,
        "SANE": 0,
        "VALID": 0,
        "total": 100.25082165715274
    }
}