{
    "counter": {
        "ACTIVE": 357,
        "INACTIVE": 9,
        "INVALID": 0,
        "MALICIOUS": 0,
        "SANE": 0,
        "VALID": 0,
        "total": 366
    },
    "percentage": {
        "ACTIVE": 97.54098360655738,
        "INACTIVE": 6.923076923076923,
        "INVALID": 0,
        "MALICIOUS": 0,
        "SANE": 0,
        "VALID": 0,
        "total": 104.4640605296343
    }
}