{
    "counter": {
        "ACTIVE": 369,
        "INACTIVE": 2,
        "INVALID": 0,
        "MALICIOUS": 0,
        "SANE": 0,
        "VALID": 0,
        "total": 371
    },
    "percentage": {
        "ACTIVE": 99.46091644204851,
        "INACTIVE": 0.5714285714285714,
        "INVALID": 0,
        "MALICIOUS": 0,
        "SANE": 0,
        "VALID": 0,
        "total": 100.03234501347708
    }
}