{
    "counter": {
        "ACTIVE": 368,
        "INACTIVE": 1,
        "INVALID": 0,
        "MALICIOUS": 0,
        "SANE": 0,
        "VALID": 0,
        "total": 369
    },
    "percentage": {
        "ACTIVE": 99.7289972899729,
        "INACTIVE": 0.9174311926605505,
        "INVALID": 0,
        "MALICIOUS": 0,
        "SANE": 0,
        "VALID": 0,
        "total": 100.64642848263344
    }
}